SampleTime,startTimeslot,maximumCapacity,bookings,availableCapacity,hasAvailability,location_id,postal_code,city,active
2022-02-06 15:46:46,2022-02-06 16:00:00+00:00,6,0,6,True,many-sofa,5121,Rijen,True
2022-02-06 15:46:46,2022-02-06 16:00:00+00:00,12,1,11,True,glossy-arneis,5342,Oss,True
2022-02-06 15:46:46,2022-02-06 16:00:00+00:00,18,5,13,True,warm-cash,3044,Rotterdam,True
2022-02-06 15:46:46,2022-02-06 16:00:00+00:00,12,4,8,True,optimal-template,6545,Nijmegen,True
2022-02-06 15:46:46,2022-02-06 16:00:00+00:00,0,0,0,False,internal-class,4104,Culemborg,True
2022-02-06 15:46:46,2022-02-06 16:00:00+00:00,1,1,0,False,brass-branch,7202,Zutphen,True
2022-02-06 15:46:46,2022-02-06 16:00:00+00:00,5,4,1,True,funny-map,1976,IJmuiden,True
2022-02-06 15:46:46,2022-02-06 16:00:00+00:00,75,2,73,True,trite-refresh,2803,Gouda,True
2022-02-06 15:46:46,2022-02-06 16:00:00+00:00,0,0,0,False,weathered-bronze,3439,Nieuwegein,True
2022-02-06 15:46:46,2022-02-06 16:00:00+00:00,10,7,3,True,generative-abscissa,3817,Amersfoort,True
2022-02-06 15:46:46,2022-02-06 16:00:00+00:00,0,0,0,False,nimble-ottoman,7544,Enschede,True
2022-02-06 15:46:46,2022-02-06 16:00:00+00:00,10,1,9,True,seething-trellis,1078,Amsterdam,True
2022-02-06 15:46:46,2022-02-06 16:00:00+00:00,10,1,9,True,random-tropics,2182,Hillegom,True
2022-02-06 15:46:46,2022-02-06 16:00:00+00:00,20,1,19,True,quadratic-corgie,7418,Deventer,True
2022-02-06 15:46:46,2022-02-06 16:00:00+00:00,0,0,0,False,oily-wire,3769,Soesterberg,True
2022-02-06 15:46:46,2022-02-06 16:00:00+00:00,0,0,0,False,augmenting-step,1271,Huizen,True
2022-02-06 15:46:46,2022-02-06 16:00:00+00:00,30,2,28,True,ambitious-heel,7556,Hengelo,True
2022-02-06 15:46:46,2022-02-06 16:00:00+00:00,25,2,23,True,investor-refresh,8013,Zwolle,True
2022-02-06 15:46:46,2022-02-06 16:00:00+00:00,50,0,50,True,senile-pulsar,2544,Den Haag,True
2022-02-06 15:46:46,2022-02-06 16:00:00+00:00,18,0,18,True,adjacent-string,4815,Breda,True
2022-02-06 15:46:46,2022-02-06 16:00:00+00:00,15,1,14,True,oblique-table,4824,Breda,True
2022-02-06 15:46:46,2022-02-06 16:15:00+00:00,10,2,8,True,generative-abscissa,3817,Amersfoort,True
2022-02-06 15:46:46,2022-02-06 16:15:00+00:00,50,1,49,True,senile-pulsar,2544,Den Haag,True
2022-02-06 15:46:46,2022-02-06 16:15:00+00:00,5,0,5,True,funny-map,1976,IJmuiden,True
2022-02-06 15:46:46,2022-02-06 16:15:00+00:00,0,0,0,False,nimble-ottoman,7544,Enschede,True
2022-02-06 15:46:46,2022-02-06 16:15:00+00:00,15,0,15,True,oblique-table,4824,Breda,True
2022-02-06 15:46:46,2022-02-06 16:15:00+00:00,75,0,75,True,trite-refresh,2803,Gouda,True
2022-02-06 15:46:46,2022-02-06 16:15:00+00:00,0,0,0,False,weathered-bronze,3439,Nieuwegein,True
2022-02-06 15:46:46,2022-02-06 16:15:00+00:00,10,0,10,True,seething-trellis,1078,Amsterdam,True
2022-02-06 15:46:46,2022-02-06 16:15:00+00:00,18,0,18,True,adjacent-string,4815,Breda,True
2022-02-06 15:46:46,2022-02-06 16:15:00+00:00,10,0,10,True,random-tropics,2182,Hillegom,True
2022-02-06 15:46:46,2022-02-06 16:15:00+00:00,20,2,18,True,quadratic-corgie,7418,Deventer,True
2022-02-06 15:46:46,2022-02-06 16:15:00+00:00,0,0,0,False,oily-wire,3769,Soesterberg,True
2022-02-06 15:46:46,2022-02-06 16:15:00+00:00,6,0,6,True,many-sofa,5121,Rijen,True
2022-02-06 15:46:46,2022-02-06 16:15:00+00:00,0,0,0,False,internal-class,4104,Culemborg,True
2022-02-06 15:46:46,2022-02-06 16:15:00+00:00,12,0,12,True,optimal-template,6545,Nijmegen,True
2022-02-06 15:46:46,2022-02-06 16:15:00+00:00,0,0,0,False,augmenting-step,1271,Huizen,True
2022-02-06 15:46:46,2022-02-06 16:15:00+00:00,0,0,0,False,brass-branch,7202,Zutphen,True
2022-02-06 15:46:46,2022-02-06 16:15:00+00:00,12,0,12,True,glossy-arneis,5342,Oss,True
2022-02-06 15:46:46,2022-02-06 16:15:00+00:00,30,2,28,True,ambitious-heel,7556,Hengelo,True
2022-02-06 15:46:46,2022-02-06 16:15:00+00:00,25,0,25,True,investor-refresh,8013,Zwolle,True
2022-02-06 15:46:46,2022-02-06 16:15:00+00:00,18,1,17,True,warm-cash,3044,Rotterdam,True
2022-02-06 15:46:46,2022-02-06 16:30:00+00:00,75,1,74,True,trite-refresh,2803,Gouda,True
2022-02-06 15:46:46,2022-02-06 16:30:00+00:00,12,1,11,True,glossy-arneis,5342,Oss,True
2022-02-06 15:46:46,2022-02-06 16:30:00+00:00,0,0,0,False,nimble-ottoman,7544,Enschede,True
2022-02-06 15:46:46,2022-02-06 16:30:00+00:00,18,0,18,True,adjacent-string,4815,Breda,True
2022-02-06 15:46:46,2022-02-06 16:30:00+00:00,10,7,3,True,seething-trellis,1078,Amsterdam,True
2022-02-06 15:46:46,2022-02-06 16:30:00+00:00,0,0,0,False,brass-branch,7202,Zutphen,True
2022-02-06 15:46:46,2022-02-06 16:30:00+00:00,15,0,15,True,oblique-table,4824,Breda,True
2022-02-06 15:46:46,2022-02-06 16:30:00+00:00,10,0,10,True,generative-abscissa,3817,Amersfoort,True
2022-02-06 15:46:46,2022-02-06 16:30:00+00:00,30,4,26,True,ambitious-heel,7556,Hengelo,True
2022-02-06 15:46:46,2022-02-06 16:30:00+00:00,0,0,0,False,weathered-bronze,3439,Nieuwegein,True
2022-02-06 15:46:46,2022-02-06 16:30:00+00:00,50,0,50,True,senile-pulsar,2544,Den Haag,True
2022-02-06 15:46:46,2022-02-06 16:30:00+00:00,5,3,2,True,funny-map,1976,IJmuiden,True
2022-02-06 15:46:46,2022-02-06 16:30:00+00:00,20,5,15,True,quadratic-corgie,7418,Deventer,True
2022-02-06 15:46:46,2022-02-06 16:30:00+00:00,12,0,12,True,optimal-template,6545,Nijmegen,True
2022-02-06 15:46:46,2022-02-06 16:30:00+00:00,25,1,24,True,investor-refresh,8013,Zwolle,True
2022-02-06 15:46:46,2022-02-06 16:30:00+00:00,6,0,6,True,many-sofa,5121,Rijen,True
2022-02-06 15:46:46,2022-02-06 16:30:00+00:00,0,0,0,False,oily-wire,3769,Soesterberg,True
2022-02-06 15:46:46,2022-02-06 16:30:00+00:00,10,0,10,True,random-tropics,2182,Hillegom,True
2022-02-06 15:46:46,2022-02-06 16:30:00+00:00,0,0,0,False,augmenting-step,1271,Huizen,True
2022-02-06 15:46:46,2022-02-06 16:30:00+00:00,18,5,13,True,warm-cash,3044,Rotterdam,True
2022-02-06 15:46:46,2022-02-06 16:30:00+00:00,0,0,0,False,internal-class,4104,Culemborg,True
2022-02-06 15:46:46,2022-02-06 16:45:00+00:00,0,0,0,False,augmenting-step,1271,Huizen,True
2022-02-06 15:46:46,2022-02-06 16:45:00+00:00,0,0,0,False,weathered-bronze,3439,Nieuwegein,True
2022-02-06 15:46:46,2022-02-06 16:45:00+00:00,10,2,8,True,random-tropics,2182,Hillegom,True
2022-02-06 15:46:46,2022-02-06 16:45:00+00:00,10,6,4,True,seething-trellis,1078,Amsterdam,True
2022-02-06 15:46:46,2022-02-06 16:45:00+00:00,0,0,0,False,oily-wire,3769,Soesterberg,True
2022-02-06 15:46:46,2022-02-06 16:45:00+00:00,6,1,5,True,many-sofa,5121,Rijen,True
2022-02-06 15:46:46,2022-02-06 16:45:00+00:00,30,0,30,True,ambitious-heel,7556,Hengelo,True
2022-02-06 15:46:46,2022-02-06 16:45:00+00:00,0,0,0,False,quadratic-corgie,7418,Deventer,True
2022-02-06 15:46:46,2022-02-06 16:45:00+00:00,18,0,18,True,adjacent-string,4815,Breda,True
2022-02-06 15:46:46,2022-02-06 16:45:00+00:00,18,5,13,True,warm-cash,3044,Rotterdam,True
2022-02-06 15:46:46,2022-02-06 16:45:00+00:00,75,0,75,True,trite-refresh,2803,Gouda,True
2022-02-06 15:46:46,2022-02-06 16:45:00+00:00,5,0,5,True,funny-map,1976,IJmuiden,True
2022-02-06 15:46:46,2022-02-06 16:45:00+00:00,12,1,11,True,optimal-template,6545,Nijmegen,True
2022-02-06 15:46:46,2022-02-06 16:45:00+00:00,0,0,0,False,internal-class,4104,Culemborg,True
2022-02-06 15:46:46,2022-02-06 16:45:00+00:00,15,0,15,True,oblique-table,4824,Breda,True
2022-02-06 15:46:46,2022-02-06 16:45:00+00:00,10,2,8,True,generative-abscissa,3817,Amersfoort,True
2022-02-06 15:46:46,2022-02-06 16:45:00+00:00,0,0,0,False,brass-branch,7202,Zutphen,True
2022-02-06 15:46:46,2022-02-06 16:45:00+00:00,50,0,50,True,senile-pulsar,2544,Den Haag,True
2022-02-06 15:46:46,2022-02-06 16:45:00+00:00,25,0,25,True,investor-refresh,8013,Zwolle,True
2022-02-06 15:46:46,2022-02-06 16:45:00+00:00,0,0,0,False,nimble-ottoman,7544,Enschede,True
2022-02-06 15:46:46,2022-02-06 16:45:00+00:00,12,0,12,True,glossy-arneis,5342,Oss,True
2022-02-06 15:46:46,2022-02-06 17:00:00+00:00,0,0,0,False,brass-branch,7202,Zutphen,True
2022-02-06 15:46:46,2022-02-06 17:00:00+00:00,50,0,50,True,senile-pulsar,2544,Den Haag,True
2022-02-06 15:46:46,2022-02-06 17:00:00+00:00,0,0,0,False,augmenting-step,1271,Huizen,True
2022-02-06 15:46:46,2022-02-06 17:00:00+00:00,0,0,0,False,quadratic-corgie,7418,Deventer,True
2022-02-06 15:46:46,2022-02-06 17:00:00+00:00,0,0,0,False,nimble-ottoman,7544,Enschede,True
2022-02-06 15:46:46,2022-02-06 17:00:00+00:00,15,1,14,True,oblique-table,4824,Breda,True
2022-02-06 15:46:46,2022-02-06 17:00:00+00:00,5,0,5,True,funny-map,1976,IJmuiden,True
2022-02-06 15:46:46,2022-02-06 17:00:00+00:00,0,0,0,False,weathered-bronze,3439,Nieuwegein,True
2022-02-06 15:46:46,2022-02-06 17:00:00+00:00,25,1,24,True,investor-refresh,8013,Zwolle,True
2022-02-06 15:46:46,2022-02-06 17:00:00+00:00,0,0,0,False,internal-class,4104,Culemborg,True
2022-02-06 15:46:46,2022-02-06 17:00:00+00:00,0,0,0,False,oily-wire,3769,Soesterberg,True
2022-02-06 15:46:46,2022-02-06 17:15:00+00:00,0,0,0,False,augmenting-step,1271,Huizen,True
2022-02-06 15:46:46,2022-02-06 17:15:00+00:00,0,0,0,False,oily-wire,3769,Soesterberg,True
2022-02-06 15:46:46,2022-02-06 17:15:00+00:00,0,0,0,False,brass-branch,7202,Zutphen,True
2022-02-06 15:46:46,2022-02-06 17:15:00+00:00,0,0,0,False,weathered-bronze,3439,Nieuwegein,True
2022-02-06 15:46:46,2022-02-06 17:15:00+00:00,5,0,5,True,funny-map,1976,IJmuiden,True
2022-02-06 15:46:46,2022-02-06 17:15:00+00:00,25,0,25,True,investor-refresh,8013,Zwolle,True
2022-02-06 15:46:46,2022-02-06 17:15:00+00:00,0,0,0,False,nimble-ottoman,7544,Enschede,True
2022-02-06 15:46:46,2022-02-06 17:15:00+00:00,0,0,0,False,quadratic-corgie,7418,Deventer,True
2022-02-06 15:46:46,2022-02-06 17:15:00+00:00,50,0,50,True,senile-pulsar,2544,Den Haag,True
2022-02-06 15:46:46,2022-02-06 17:15:00+00:00,0,0,0,False,internal-class,4104,Culemborg,True
2022-02-06 15:46:46,2022-02-06 17:15:00+00:00,15,0,15,True,oblique-table,4824,Breda,True
2022-02-06 15:46:46,2022-02-06 17:30:00+00:00,0,0,0,False,brass-branch,7202,Zutphen,True
2022-02-06 15:46:46,2022-02-06 17:30:00+00:00,0,0,0,False,oily-wire,3769,Soesterberg,True
2022-02-06 15:46:46,2022-02-06 17:30:00+00:00,1,1,0,False,quadratic-corgie,7418,Deventer,True
2022-02-06 15:46:46,2022-02-06 17:30:00+00:00,0,0,0,False,weathered-bronze,3439,Nieuwegein,True
2022-02-06 15:46:46,2022-02-06 17:30:00+00:00,0,0,0,False,nimble-ottoman,7544,Enschede,True
2022-02-06 15:46:46,2022-02-06 17:30:00+00:00,50,0,50,True,senile-pulsar,2544,Den Haag,True
2022-02-06 15:46:46,2022-02-06 17:30:00+00:00,5,0,5,True,funny-map,1976,IJmuiden,True
2022-02-06 15:46:46,2022-02-06 17:30:00+00:00,0,0,0,False,internal-class,4104,Culemborg,True
2022-02-06 15:46:46,2022-02-06 17:30:00+00:00,25,1,24,True,investor-refresh,8013,Zwolle,True
2022-02-06 15:46:46,2022-02-06 17:30:00+00:00,15,0,15,True,oblique-table,4824,Breda,True
2022-02-06 15:46:46,2022-02-06 17:30:00+00:00,0,0,0,False,augmenting-step,1271,Huizen,True
2022-02-06 15:46:46,2022-02-06 17:45:00+00:00,0,0,0,False,augmenting-step,1271,Huizen,True
2022-02-06 15:46:46,2022-02-06 17:45:00+00:00,0,0,0,False,quadratic-corgie,7418,Deventer,True
2022-02-06 15:46:46,2022-02-06 17:45:00+00:00,0,0,0,False,brass-branch,7202,Zutphen,True
2022-02-06 15:46:46,2022-02-06 17:45:00+00:00,5,0,5,True,funny-map,1976,IJmuiden,True
2022-02-06 15:46:46,2022-02-06 17:45:00+00:00,25,0,25,True,investor-refresh,8013,Zwolle,True
2022-02-06 15:46:46,2022-02-06 17:45:00+00:00,0,0,0,False,nimble-ottoman,7544,Enschede,True
2022-02-06 15:46:46,2022-02-06 17:45:00+00:00,0,0,0,False,oily-wire,3769,Soesterberg,True
2022-02-06 15:46:46,2022-02-06 17:45:00+00:00,0,0,0,False,weathered-bronze,3439,Nieuwegein,True
2022-02-06 15:46:46,2022-02-06 17:45:00+00:00,15,0,15,True,oblique-table,4824,Breda,True
2022-02-06 15:46:46,2022-02-06 17:45:00+00:00,50,0,50,True,senile-pulsar,2544,Den Haag,True
2022-02-06 15:46:46,2022-02-06 17:45:00+00:00,0,0,0,False,internal-class,4104,Culemborg,True
2022-02-06 15:46:46,2022-02-06 18:00:00+00:00,0,0,0,False,brass-branch,7202,Zutphen,True
2022-02-06 15:46:46,2022-02-06 18:00:00+00:00,0,0,0,False,nimble-ottoman,7544,Enschede,True
2022-02-06 15:46:46,2022-02-06 18:00:00+00:00,0,0,0,False,weathered-bronze,3439,Nieuwegein,True
2022-02-06 15:46:46,2022-02-06 18:00:00+00:00,0,0,0,False,quadratic-corgie,7418,Deventer,True
2022-02-06 15:46:46,2022-02-06 18:00:00+00:00,50,0,50,True,senile-pulsar,2544,Den Haag,True
2022-02-06 15:46:46,2022-02-06 18:00:00+00:00,0,0,0,False,internal-class,4104,Culemborg,True
2022-02-06 15:46:46,2022-02-06 18:00:00+00:00,0,0,0,False,augmenting-step,1271,Huizen,True
2022-02-06 15:46:46,2022-02-06 18:00:00+00:00,1,1,0,False,oily-wire,3769,Soesterberg,True
2022-02-06 15:46:46,2022-02-06 18:00:00+00:00,5,1,4,True,funny-map,1976,IJmuiden,True
2022-02-06 15:46:46,2022-02-06 18:00:00+00:00,25,2,23,True,investor-refresh,8013,Zwolle,True
2022-02-06 15:46:46,2022-02-06 18:00:00+00:00,15,0,15,True,oblique-table,4824,Breda,True
2022-02-06 15:46:46,2022-02-06 18:15:00+00:00,0,0,0,False,oily-wire,3769,Soesterberg,True
2022-02-06 15:46:46,2022-02-06 18:15:00+00:00,0,0,0,False,brass-branch,7202,Zutphen,True
2022-02-06 15:46:46,2022-02-06 18:15:00+00:00,0,0,0,False,nimble-ottoman,7544,Enschede,True
2022-02-06 15:46:46,2022-02-06 18:15:00+00:00,25,0,25,True,investor-refresh,8013,Zwolle,True
2022-02-06 15:46:46,2022-02-06 18:15:00+00:00,0,0,0,False,weathered-bronze,3439,Nieuwegein,True
2022-02-06 15:46:46,2022-02-06 18:15:00+00:00,0,0,0,False,quadratic-corgie,7418,Deventer,True
2022-02-06 15:46:46,2022-02-06 18:15:00+00:00,0,0,0,False,internal-class,4104,Culemborg,True
2022-02-06 15:46:46,2022-02-06 18:15:00+00:00,15,0,15,True,oblique-table,4824,Breda,True
2022-02-06 15:46:46,2022-02-06 18:15:00+00:00,50,0,50,True,senile-pulsar,2544,Den Haag,True
2022-02-06 15:46:46,2022-02-06 18:15:00+00:00,5,0,5,True,funny-map,1976,IJmuiden,True
2022-02-06 15:46:46,2022-02-06 18:15:00+00:00,0,0,0,False,augmenting-step,1271,Huizen,True
2022-02-06 15:46:46,2022-02-06 18:30:00+00:00,50,0,50,True,senile-pulsar,2544,Den Haag,True
2022-02-06 15:46:46,2022-02-06 18:30:00+00:00,0,0,0,False,internal-class,4104,Culemborg,True
2022-02-06 15:46:46,2022-02-06 18:30:00+00:00,5,0,5,True,funny-map,1976,IJmuiden,True
2022-02-06 15:46:46,2022-02-06 18:30:00+00:00,0,0,0,False,oily-wire,3769,Soesterberg,True
2022-02-06 15:46:46,2022-02-06 18:30:00+00:00,0,0,0,False,augmenting-step,1271,Huizen,True
2022-02-06 15:46:46,2022-02-06 18:30:00+00:00,3,3,0,False,quadratic-corgie,7418,Deventer,True
2022-02-06 15:46:46,2022-02-06 18:30:00+00:00,15,0,15,True,oblique-table,4824,Breda,True
2022-02-06 15:46:46,2022-02-06 18:30:00+00:00,0,0,0,False,nimble-ottoman,7544,Enschede,True
2022-02-06 15:46:46,2022-02-06 18:30:00+00:00,0,0,0,False,weathered-bronze,3439,Nieuwegein,True
2022-02-06 15:46:46,2022-02-06 18:30:00+00:00,25,1,24,True,investor-refresh,8013,Zwolle,True
2022-02-06 15:46:46,2022-02-06 18:30:00+00:00,0,0,0,False,brass-branch,7202,Zutphen,True
2022-02-06 15:46:46,2022-02-06 18:45:00+00:00,15,0,15,True,oblique-table,4824,Breda,True
2022-02-06 15:46:46,2022-02-06 18:45:00+00:00,0,0,0,False,internal-class,4104,Culemborg,True
2022-02-06 15:46:46,2022-02-06 18:45:00+00:00,5,0,5,True,funny-map,1976,IJmuiden,True
2022-02-06 15:46:46,2022-02-06 18:45:00+00:00,0,0,0,False,nimble-ottoman,7544,Enschede,True
2022-02-06 15:46:46,2022-02-06 18:45:00+00:00,25,1,24,True,investor-refresh,8013,Zwolle,True
2022-02-06 15:46:46,2022-02-06 18:45:00+00:00,0,0,0,False,oily-wire,3769,Soesterberg,True
2022-02-06 15:46:46,2022-02-06 18:45:00+00:00,0,0,0,False,brass-branch,7202,Zutphen,True
2022-02-06 15:46:46,2022-02-06 18:45:00+00:00,0,0,0,False,weathered-bronze,3439,Nieuwegein,True
2022-02-06 15:46:46,2022-02-06 18:45:00+00:00,2,2,0,False,quadratic-corgie,7418,Deventer,True
2022-02-06 15:46:46,2022-02-06 18:45:00+00:00,50,0,50,True,senile-pulsar,2544,Den Haag,True
2022-02-06 15:46:46,2022-02-06 18:45:00+00:00,0,0,0,False,augmenting-step,1271,Huizen,True
2022-02-06 15:46:46,2022-02-06 19:00:00+00:00,15,0,15,True,oblique-table,4824,Breda,True
2022-02-06 15:46:46,2022-02-06 19:00:00+00:00,1,1,0,False,oily-wire,3769,Soesterberg,True
2022-02-06 15:46:46,2022-02-06 19:00:00+00:00,50,0,50,True,senile-pulsar,2544,Den Haag,True
2022-02-06 15:46:46,2022-02-06 19:00:00+00:00,0,0,0,False,weathered-bronze,3439,Nieuwegein,True
2022-02-06 15:46:46,2022-02-06 19:15:00+00:00,50,0,50,True,senile-pulsar,2544,Den Haag,True
2022-02-06 15:46:46,2022-02-06 19:15:00+00:00,0,0,0,False,oily-wire,3769,Soesterberg,True
2022-02-06 15:46:46,2022-02-06 19:15:00+00:00,0,0,0,False,weathered-bronze,3439,Nieuwegein,True
2022-02-06 15:46:46,2022-02-06 19:15:00+00:00,15,0,15,True,oblique-table,4824,Breda,True
2022-02-06 15:46:46,2022-02-06 19:30:00+00:00,0,0,0,False,oily-wire,3769,Soesterberg,True
2022-02-06 15:46:46,2022-02-06 19:30:00+00:00,50,0,50,True,senile-pulsar,2544,Den Haag,True
2022-02-06 15:46:46,2022-02-06 19:30:00+00:00,15,0,15,True,oblique-table,4824,Breda,True
2022-02-06 15:46:46,2022-02-06 19:30:00+00:00,0,0,0,False,weathered-bronze,3439,Nieuwegein,True
2022-02-06 15:46:46,2022-02-06 19:45:00+00:00,0,0,0,False,weathered-bronze,3439,Nieuwegein,True
2022-02-06 15:46:46,2022-02-06 19:45:00+00:00,0,0,0,False,oily-wire,3769,Soesterberg,True
2022-02-06 15:46:46,2022-02-06 19:45:00+00:00,15,0,15,True,oblique-table,4824,Breda,True
2022-02-06 15:46:46,2022-02-06 19:45:00+00:00,50,0,50,True,senile-pulsar,2544,Den Haag,True
2022-02-06 15:46:46,2022-02-06 20:00:00+00:00,0,0,0,False,oily-wire,3769,Soesterberg,True
2022-02-06 15:46:46,2022-02-06 20:00:00+00:00,0,0,0,False,weathered-bronze,3439,Nieuwegein,True
2022-02-06 15:46:46,2022-02-06 20:00:00+00:00,15,0,15,True,oblique-table,4824,Breda,True
2022-02-06 15:46:46,2022-02-06 20:15:00+00:00,15,0,15,True,oblique-table,4824,Breda,True
2022-02-06 15:46:46,2022-02-06 20:15:00+00:00,0,0,0,False,weathered-bronze,3439,Nieuwegein,True
2022-02-06 15:46:46,2022-02-06 20:15:00+00:00,0,0,0,False,oily-wire,3769,Soesterberg,True
2022-02-06 15:46:46,2022-02-06 20:30:00+00:00,15,0,15,True,oblique-table,4824,Breda,True
2022-02-06 15:46:46,2022-02-06 20:30:00+00:00,0,0,0,False,weathered-bronze,3439,Nieuwegein,True
2022-02-06 15:46:46,2022-02-06 20:30:00+00:00,0,0,0,False,oily-wire,3769,Soesterberg,True
2022-02-06 15:46:46,2022-02-06 20:45:00+00:00,0,0,0,False,oily-wire,3769,Soesterberg,True
2022-02-06 15:46:46,2022-02-06 20:45:00+00:00,0,0,0,False,weathered-bronze,3439,Nieuwegein,True
2022-02-06 15:46:46,2022-02-06 20:45:00+00:00,15,0,15,True,oblique-table,4824,Breda,True
2022-02-06 15:58:41,2022-02-06 16:00:00+00:00,6,0,6,True,many-sofa,5121,Rijen,True
2022-02-06 15:58:41,2022-02-06 16:00:00+00:00,18,5,13,True,warm-cash,3044,Rotterdam,True
2022-02-06 15:58:41,2022-02-06 16:00:00+00:00,12,4,8,True,optimal-template,6545,Nijmegen,True
2022-02-06 15:58:41,2022-02-06 16:00:00+00:00,0,0,0,False,internal-class,4104,Culemborg,True
2022-02-06 15:58:41,2022-02-06 16:00:00+00:00,30,3,27,True,ambitious-heel,7556,Hengelo,True
2022-02-06 15:58:41,2022-02-06 16:00:00+00:00,50,0,50,True,senile-pulsar,2544,Den Haag,True
2022-02-06 15:58:41,2022-02-06 16:00:00+00:00,0,0,0,False,weathered-bronze,3439,Nieuwegein,True
2022-02-06 15:58:41,2022-02-06 16:00:00+00:00,12,1,11,True,glossy-arneis,5342,Oss,True
2022-02-06 15:58:41,2022-02-06 16:00:00+00:00,5,4,1,True,funny-map,1976,IJmuiden,True
2022-02-06 15:58:41,2022-02-06 16:00:00+00:00,0,0,0,False,nimble-ottoman,7544,Enschede,True
2022-02-06 15:58:41,2022-02-06 16:00:00+00:00,10,2,8,True,seething-trellis,1078,Amsterdam,True
2022-02-06 15:58:41,2022-02-06 16:00:00+00:00,10,6,4,True,generative-abscissa,3817,Amersfoort,True
2022-02-06 15:58:41,2022-02-06 16:00:00+00:00,1,1,0,False,brass-branch,7202,Zutphen,True
2022-02-06 15:58:41,2022-02-06 16:00:00+00:00,10,1,9,True,random-tropics,2182,Hillegom,True
2022-02-06 15:58:41,2022-02-06 16:00:00+00:00,0,0,0,False,augmenting-step,1271,Huizen,True
2022-02-06 15:58:41,2022-02-06 16:00:00+00:00,0,0,0,False,oily-wire,3769,Soesterberg,True
2022-02-06 15:58:41,2022-02-06 16:00:00+00:00,25,2,23,True,investor-refresh,8013,Zwolle,True
2022-02-06 15:58:41,2022-02-06 16:00:00+00:00,20,1,19,True,quadratic-corgie,7418,Deventer,True
2022-02-06 15:58:41,2022-02-06 16:00:00+00:00,15,1,14,True,oblique-table,4824,Breda,True
2022-02-06 15:58:41,2022-02-06 16:00:00+00:00,18,0,18,True,adjacent-string,4815,Breda,True
2022-02-06 15:58:41,2022-02-06 16:15:00+00:00,5,0,5,True,funny-map,1976,IJmuiden,True
2022-02-06 15:58:41,2022-02-06 16:15:00+00:00,30,2,28,True,ambitious-heel,7556,Hengelo,True
2022-02-06 15:58:41,2022-02-06 16:15:00+00:00,50,1,49,True,senile-pulsar,2544,Den Haag,True
2022-02-06 15:58:41,2022-02-06 16:15:00+00:00,15,0,15,True,oblique-table,4824,Breda,True
2022-02-06 15:58:41,2022-02-06 16:15:00+00:00,20,2,18,True,quadratic-corgie,7418,Deventer,True
2022-02-06 15:58:41,2022-02-06 16:15:00+00:00,0,0,0,False,oily-wire,3769,Soesterberg,True
2022-02-06 15:58:41,2022-02-06 16:15:00+00:00,0,0,0,False,nimble-ottoman,7544,Enschede,True
2022-02-06 15:58:41,2022-02-06 16:15:00+00:00,10,0,10,True,seething-trellis,1078,Amsterdam,True
2022-02-06 15:58:41,2022-02-06 16:15:00+00:00,18,0,18,True,adjacent-string,4815,Breda,True
2022-02-06 15:58:41,2022-02-06 16:15:00+00:00,10,2,8,True,generative-abscissa,3817,Amersfoort,True
2022-02-06 15:58:41,2022-02-06 16:15:00+00:00,0,0,0,False,brass-branch,7202,Zutphen,True
2022-02-06 15:58:41,2022-02-06 16:15:00+00:00,10,0,10,True,random-tropics,2182,Hillegom,True
2022-02-06 15:58:41,2022-02-06 16:15:00+00:00,6,0,6,True,many-sofa,5121,Rijen,True
2022-02-06 15:58:41,2022-02-06 16:15:00+00:00,0,0,0,False,augmenting-step,1271,Huizen,True
2022-02-06 15:58:41,2022-02-06 16:15:00+00:00,0,0,0,False,internal-class,4104,Culemborg,True
2022-02-06 15:58:41,2022-02-06 16:15:00+00:00,12,0,12,True,optimal-template,6545,Nijmegen,True
2022-02-06 15:58:41,2022-02-06 16:15:00+00:00,0,0,0,False,weathered-bronze,3439,Nieuwegein,True
2022-02-06 15:58:41,2022-02-06 16:15:00+00:00,12,0,12,True,glossy-arneis,5342,Oss,True
2022-02-06 15:58:41,2022-02-06 16:15:00+00:00,25,0,25,True,investor-refresh,8013,Zwolle,True
2022-02-06 15:58:41,2022-02-06 16:15:00+00:00,18,1,17,True,warm-cash,3044,Rotterdam,True
2022-02-06 15:58:41,2022-02-06 16:30:00+00:00,0,0,0,False,nimble-ottoman,7544,Enschede,True
2022-02-06 15:58:41,2022-02-06 16:30:00+00:00,12,1,11,True,glossy-arneis,5342,Oss,True
2022-02-06 15:58:41,2022-02-06 16:30:00+00:00,0,0,0,False,oily-wire,3769,Soesterberg,True
2022-02-06 15:58:41,2022-02-06 16:30:00+00:00,18,0,18,True,adjacent-string,4815,Breda,True
2022-02-06 15:58:41,2022-02-06 16:30:00+00:00,10,6,4,True,seething-trellis,1078,Amsterdam,True
2022-02-06 15:58:41,2022-02-06 16:30:00+00:00,25,2,23,True,investor-refresh,8013,Zwolle,True
2022-02-06 15:58:41,2022-02-06 16:30:00+00:00,10,0,10,True,generative-abscissa,3817,Amersfoort,True
2022-02-06 15:58:41,2022-02-06 16:30:00+00:00,0,0,0,False,weathered-bronze,3439,Nieuwegein,True
2022-02-06 15:58:41,2022-02-06 16:30:00+00:00,15,0,15,True,oblique-table,4824,Breda,True
2022-02-06 15:58:41,2022-02-06 16:30:00+00:00,0,0,0,False,brass-branch,7202,Zutphen,True
2022-02-06 15:58:41,2022-02-06 16:30:00+00:00,50,0,50,True,senile-pulsar,2544,Den Haag,True
2022-02-06 15:58:41,2022-02-06 16:30:00+00:00,5,3,2,True,funny-map,1976,IJmuiden,True
2022-02-06 15:58:41,2022-02-06 16:30:00+00:00,12,0,12,True,optimal-template,6545,Nijmegen,True
2022-02-06 15:58:41,2022-02-06 16:30:00+00:00,20,6,14,True,quadratic-corgie,7418,Deventer,True
2022-02-06 15:58:41,2022-02-06 16:30:00+00:00,6,0,6,True,many-sofa,5121,Rijen,True
2022-02-06 15:58:41,2022-02-06 16:30:00+00:00,10,0,10,True,random-tropics,2182,Hillegom,True
2022-02-06 15:58:41,2022-02-06 16:30:00+00:00,0,0,0,False,augmenting-step,1271,Huizen,True
2022-02-06 15:58:41,2022-02-06 16:30:00+00:00,0,0,0,False,internal-class,4104,Culemborg,True
2022-02-06 15:58:41,2022-02-06 16:30:00+00:00,30,6,24,True,ambitious-heel,7556,Hengelo,True
2022-02-06 15:58:41,2022-02-06 16:30:00+00:00,18,6,12,True,warm-cash,3044,Rotterdam,True
2022-02-06 15:58:41,2022-02-06 16:45:00+00:00,0,0,0,False,augmenting-step,1271,Huizen,True
2022-02-06 15:58:41,2022-02-06 16:45:00+00:00,0,0,0,False,nimble-ottoman,7544,Enschede,True
2022-02-06 15:58:41,2022-02-06 16:45:00+00:00,18,0,18,True,adjacent-string,4815,Breda,True
2022-02-06 15:58:41,2022-02-06 16:45:00+00:00,0,0,0,False,oily-wire,3769,Soesterberg,True
2022-02-06 15:58:41,2022-02-06 16:45:00+00:00,0,0,0,False,brass-branch,7202,Zutphen,True
2022-02-06 15:58:41,2022-02-06 16:45:00+00:00,10,2,8,True,random-tropics,2182,Hillegom,True
2022-02-06 15:58:41,2022-02-06 16:45:00+00:00,25,0,25,True,investor-refresh,8013,Zwolle,True
2022-02-06 15:58:41,2022-02-06 16:45:00+00:00,10,2,8,True,generative-abscissa,3817,Amersfoort,True
2022-02-06 15:58:41,2022-02-06 16:45:00+00:00,6,1,5,True,many-sofa,5121,Rijen,True
2022-02-06 15:58:41,2022-02-06 16:45:00+00:00,0,0,0,False,quadratic-corgie,7418,Deventer,True
2022-02-06 15:58:41,2022-02-06 16:45:00+00:00,30,0,30,True,ambitious-heel,7556,Hengelo,True
2022-02-06 15:58:41,2022-02-06 16:45:00+00:00,10,6,4,True,seething-trellis,1078,Amsterdam,True
2022-02-06 15:58:41,2022-02-06 16:45:00+00:00,18,5,13,True,warm-cash,3044,Rotterdam,True
2022-02-06 15:58:41,2022-02-06 16:45:00+00:00,0,0,0,False,internal-class,4104,Culemborg,True
2022-02-06 15:58:41,2022-02-06 16:45:00+00:00,15,0,15,True,oblique-table,4824,Breda,True
2022-02-06 15:58:41,2022-02-06 16:45:00+00:00,50,0,50,True,senile-pulsar,2544,Den Haag,True
2022-02-06 15:58:41,2022-02-06 16:45:00+00:00,0,0,0,False,weathered-bronze,3439,Nieuwegein,True
2022-02-06 15:58:41,2022-02-06 16:45:00+00:00,12,0,12,True,glossy-arneis,5342,Oss,True
2022-02-06 15:58:41,2022-02-06 16:45:00+00:00,12,2,10,True,optimal-template,6545,Nijmegen,True
2022-02-06 15:58:41,2022-02-06 16:45:00+00:00,5,0,5,True,funny-map,1976,IJmuiden,True
2022-02-06 15:58:41,2022-02-06 17:00:00+00:00,0,0,0,False,oily-wire,3769,Soesterberg,True
2022-02-06 15:58:41,2022-02-06 17:00:00+00:00,0,0,0,False,quadratic-corgie,7418,Deventer,True
2022-02-06 15:58:41,2022-02-06 17:00:00+00:00,5,0,5,True,funny-map,1976,IJmuiden,True
2022-02-06 15:58:41,2022-02-06 17:00:00+00:00,0,0,0,False,weathered-bronze,3439,Nieuwegein,True
2022-02-06 15:58:41,2022-02-06 17:00:00+00:00,0,0,0,False,nimble-ottoman,7544,Enschede,True
2022-02-06 15:58:41,2022-02-06 17:00:00+00:00,0,0,0,False,brass-branch,7202,Zutphen,True
2022-02-06 15:58:41,2022-02-06 17:00:00+00:00,0,0,0,False,internal-class,4104,Culemborg,True
2022-02-06 15:58:41,2022-02-06 17:00:00+00:00,15,1,14,True,oblique-table,4824,Breda,True
2022-02-06 15:58:41,2022-02-06 17:00:00+00:00,0,0,0,False,augmenting-step,1271,Huizen,True
2022-02-06 15:58:41,2022-02-06 17:00:00+00:00,50,0,50,True,senile-pulsar,2544,Den Haag,True
2022-02-06 15:58:41,2022-02-06 17:00:00+00:00,25,0,25,True,investor-refresh,8013,Zwolle,True
2022-02-06 15:58:41,2022-02-06 17:15:00+00:00,0,0,0,False,internal-class,4104,Culemborg,True
2022-02-06 15:58:41,2022-02-06 17:15:00+00:00,25,0,25,True,investor-refresh,8013,Zwolle,True
2022-02-06 15:58:41,2022-02-06 17:15:00+00:00,0,0,0,False,quadratic-corgie,7418,Deventer,True
2022-02-06 15:58:41,2022-02-06 17:15:00+00:00,50,0,50,True,senile-pulsar,2544,Den Haag,True
2022-02-06 15:58:41,2022-02-06 17:15:00+00:00,0,0,0,False,weathered-bronze,3439,Nieuwegein,True
2022-02-06 15:58:41,2022-02-06 17:15:00+00:00,0,0,0,False,brass-branch,7202,Zutphen,True
2022-02-06 15:58:41,2022-02-06 17:15:00+00:00,0,0,0,False,oily-wire,3769,Soesterberg,True
2022-02-06 15:58:41,2022-02-06 17:15:00+00:00,5,0,5,True,funny-map,1976,IJmuiden,True
2022-02-06 15:58:41,2022-02-06 17:15:00+00:00,0,0,0,False,augmenting-step,1271,Huizen,True
2022-02-06 15:58:41,2022-02-06 17:15:00+00:00,15,0,15,True,oblique-table,4824,Breda,True
2022-02-06 15:58:41,2022-02-06 17:15:00+00:00,0,0,0,False,nimble-ottoman,7544,Enschede,True
2022-02-06 15:58:41,2022-02-06 17:30:00+00:00,0,0,0,False,weathered-bronze,3439,Nieuwegein,True
2022-02-06 15:58:41,2022-02-06 17:30:00+00:00,15,0,15,True,oblique-table,4824,Breda,True
2022-02-06 15:58:41,2022-02-06 17:30:00+00:00,0,0,0,False,augmenting-step,1271,Huizen,True
2022-02-06 15:58:41,2022-02-06 17:30:00+00:00,0,0,0,False,nimble-ottoman,7544,Enschede,True
2022-02-06 15:58:41,2022-02-06 17:30:00+00:00,50,0,50,True,senile-pulsar,2544,Den Haag,True
2022-02-06 15:58:41,2022-02-06 17:30:00+00:00,1,1,0,False,quadratic-corgie,7418,Deventer,True
2022-02-06 15:58:41,2022-02-06 17:30:00+00:00,0,0,0,False,brass-branch,7202,Zutphen,True
2022-02-06 15:58:41,2022-02-06 17:30:00+00:00,0,0,0,False,internal-class,4104,Culemborg,True
2022-02-06 15:58:41,2022-02-06 17:30:00+00:00,5,0,5,True,funny-map,1976,IJmuiden,True
2022-02-06 15:58:41,2022-02-06 17:30:00+00:00,25,1,24,True,investor-refresh,8013,Zwolle,True
2022-02-06 15:58:41,2022-02-06 17:30:00+00:00,0,0,0,False,oily-wire,3769,Soesterberg,True
2022-02-06 15:58:41,2022-02-06 17:45:00+00:00,0,0,0,False,brass-branch,7202,Zutphen,True
2022-02-06 15:58:41,2022-02-06 17:45:00+00:00,25,0,25,True,investor-refresh,8013,Zwolle,True
2022-02-06 15:58:41,2022-02-06 17:45:00+00:00,0,0,0,False,internal-class,4104,Culemborg,True
2022-02-06 15:58:41,2022-02-06 17:45:00+00:00,0,0,0,False,augmenting-step,1271,Huizen,True
2022-02-06 15:58:41,2022-02-06 17:45:00+00:00,0,0,0,False,quadratic-corgie,7418,Deventer,True
2022-02-06 15:58:41,2022-02-06 17:45:00+00:00,0,0,0,False,oily-wire,3769,Soesterberg,True
2022-02-06 15:58:41,2022-02-06 17:45:00+00:00,0,0,0,False,weathered-bronze,3439,Nieuwegein,True
2022-02-06 15:58:41,2022-02-06 17:45:00+00:00,50,0,50,True,senile-pulsar,2544,Den Haag,True
2022-02-06 15:58:41,2022-02-06 17:45:00+00:00,0,0,0,False,nimble-ottoman,7544,Enschede,True
2022-02-06 15:58:41,2022-02-06 17:45:00+00:00,15,0,15,True,oblique-table,4824,Breda,True
2022-02-06 15:58:41,2022-02-06 17:45:00+00:00,5,0,5,True,funny-map,1976,IJmuiden,True
2022-02-06 15:58:41,2022-02-06 18:00:00+00:00,0,0,0,False,augmenting-step,1271,Huizen,True
2022-02-06 15:58:41,2022-02-06 18:00:00+00:00,0,0,0,False,weathered-bronze,3439,Nieuwegein,True
2022-02-06 15:58:41,2022-02-06 18:00:00+00:00,0,0,0,False,nimble-ottoman,7544,Enschede,True
2022-02-06 15:58:41,2022-02-06 18:00:00+00:00,0,0,0,False,internal-class,4104,Culemborg,True
2022-02-06 15:58:41,2022-02-06 18:00:00+00:00,0,0,0,False,quadratic-corgie,7418,Deventer,True
2022-02-06 15:58:41,2022-02-06 18:00:00+00:00,5,1,4,True,funny-map,1976,IJmuiden,True
2022-02-06 15:58:41,2022-02-06 18:00:00+00:00,50,0,50,True,senile-pulsar,2544,Den Haag,True
2022-02-06 15:58:41,2022-02-06 18:00:00+00:00,15,0,15,True,oblique-table,4824,Breda,True
2022-02-06 15:58:41,2022-02-06 18:00:00+00:00,0,0,0,False,brass-branch,7202,Zutphen,True
2022-02-06 15:58:41,2022-02-06 18:00:00+00:00,1,1,0,False,oily-wire,3769,Soesterberg,True
2022-02-06 15:58:41,2022-02-06 18:00:00+00:00,25,2,23,True,investor-refresh,8013,Zwolle,True
2022-02-06 15:58:41,2022-02-06 18:15:00+00:00,5,0,5,True,funny-map,1976,IJmuiden,True
2022-02-06 15:58:41,2022-02-06 18:15:00+00:00,0,0,0,False,nimble-ottoman,7544,Enschede,True
2022-02-06 15:58:41,2022-02-06 18:15:00+00:00,25,0,25,True,investor-refresh,8013,Zwolle,True
2022-02-06 15:58:41,2022-02-06 18:15:00+00:00,0,0,0,False,quadratic-corgie,7418,Deventer,True
2022-02-06 15:58:41,2022-02-06 18:15:00+00:00,0,0,0,False,oily-wire,3769,Soesterberg,True
2022-02-06 15:58:41,2022-02-06 18:15:00+00:00,0,0,0,False,augmenting-step,1271,Huizen,True
2022-02-06 15:58:41,2022-02-06 18:15:00+00:00,15,0,15,True,oblique-table,4824,Breda,True
2022-02-06 15:58:41,2022-02-06 18:15:00+00:00,0,0,0,False,brass-branch,7202,Zutphen,True
2022-02-06 15:58:41,2022-02-06 18:15:00+00:00,0,0,0,False,weathered-bronze,3439,Nieuwegein,True
2022-02-06 15:58:41,2022-02-06 18:15:00+00:00,0,0,0,False,internal-class,4104,Culemborg,True
2022-02-06 15:58:41,2022-02-06 18:15:00+00:00,50,0,50,True,senile-pulsar,2544,Den Haag,True
2022-02-06 15:58:41,2022-02-06 18:30:00+00:00,0,0,0,False,augmenting-step,1271,Huizen,True
2022-02-06 15:58:41,2022-02-06 18:30:00+00:00,0,0,0,False,weathered-bronze,3439,Nieuwegein,True
2022-02-06 15:58:41,2022-02-06 18:30:00+00:00,25,1,24,True,investor-refresh,8013,Zwolle,True
2022-02-06 15:58:41,2022-02-06 18:30:00+00:00,0,0,0,False,oily-wire,3769,Soesterberg,True
2022-02-06 15:58:41,2022-02-06 18:30:00+00:00,50,0,50,True,senile-pulsar,2544,Den Haag,True
2022-02-06 15:58:41,2022-02-06 18:30:00+00:00,5,0,5,True,funny-map,1976,IJmuiden,True
2022-02-06 15:58:41,2022-02-06 18:30:00+00:00,0,0,0,False,nimble-ottoman,7544,Enschede,True
2022-02-06 15:58:41,2022-02-06 18:30:00+00:00,3,3,0,False,quadratic-corgie,7418,Deventer,True
2022-02-06 15:58:41,2022-02-06 18:30:00+00:00,0,0,0,False,internal-class,4104,Culemborg,True
2022-02-06 15:58:41,2022-02-06 18:30:00+00:00,15,0,15,True,oblique-table,4824,Breda,True
2022-02-06 15:58:41,2022-02-06 18:30:00+00:00,0,0,0,False,brass-branch,7202,Zutphen,True
2022-02-06 15:58:41,2022-02-06 18:45:00+00:00,0,0,0,False,internal-class,4104,Culemborg,True
2022-02-06 15:58:41,2022-02-06 18:45:00+00:00,50,0,50,True,senile-pulsar,2544,Den Haag,True
2022-02-06 15:58:41,2022-02-06 18:45:00+00:00,15,0,15,True,oblique-table,4824,Breda,True
2022-02-06 15:58:41,2022-02-06 18:45:00+00:00,0,0,0,False,weathered-bronze,3439,Nieuwegein,True
2022-02-06 15:58:41,2022-02-06 18:45:00+00:00,0,0,0,False,augmenting-step,1271,Huizen,True
2022-02-06 15:58:41,2022-02-06 18:45:00+00:00,5,0,5,True,funny-map,1976,IJmuiden,True
2022-02-06 15:58:41,2022-02-06 18:45:00+00:00,0,0,0,False,nimble-ottoman,7544,Enschede,True
2022-02-06 15:58:41,2022-02-06 18:45:00+00:00,2,2,0,False,quadratic-corgie,7418,Deventer,True
2022-02-06 15:58:41,2022-02-06 18:45:00+00:00,0,0,0,False,brass-branch,7202,Zutphen,True
2022-02-06 15:58:41,2022-02-06 18:45:00+00:00,0,0,0,False,oily-wire,3769,Soesterberg,True
2022-02-06 15:58:41,2022-02-06 18:45:00+00:00,25,1,24,True,investor-refresh,8013,Zwolle,True
2022-02-06 15:58:41,2022-02-06 19:00:00+00:00,1,1,0,False,oily-wire,3769,Soesterberg,True
2022-02-06 15:58:41,2022-02-06 19:00:00+00:00,0,0,0,False,weathered-bronze,3439,Nieuwegein,True
2022-02-06 15:58:41,2022-02-06 19:00:00+00:00,15,0,15,True,oblique-table,4824,Breda,True
2022-02-06 15:58:41,2022-02-06 19:00:00+00:00,50,0,50,True,senile-pulsar,2544,Den Haag,True
2022-02-06 15:58:41,2022-02-06 19:15:00+00:00,15,0,15,True,oblique-table,4824,Breda,True
2022-02-06 15:58:41,2022-02-06 19:15:00+00:00,0,0,0,False,oily-wire,3769,Soesterberg,True
2022-02-06 15:58:41,2022-02-06 19:15:00+00:00,0,0,0,False,weathered-bronze,3439,Nieuwegein,True
2022-02-06 15:58:41,2022-02-06 19:15:00+00:00,50,0,50,True,senile-pulsar,2544,Den Haag,True
2022-02-06 15:58:41,2022-02-06 19:30:00+00:00,50,0,50,True,senile-pulsar,2544,Den Haag,True
2022-02-06 15:58:41,2022-02-06 19:30:00+00:00,0,0,0,False,oily-wire,3769,Soesterberg,True
2022-02-06 15:58:41,2022-02-06 19:30:00+00:00,0,0,0,False,weathered-bronze,3439,Nieuwegein,True
2022-02-06 15:58:41,2022-02-06 19:30:00+00:00,15,0,15,True,oblique-table,4824,Breda,True
2022-02-06 15:58:41,2022-02-06 19:45:00+00:00,0,0,0,False,weathered-bronze,3439,Nieuwegein,True
2022-02-06 15:58:41,2022-02-06 19:45:00+00:00,15,0,15,True,oblique-table,4824,Breda,True
2022-02-06 15:58:41,2022-02-06 19:45:00+00:00,0,0,0,False,oily-wire,3769,Soesterberg,True
2022-02-06 15:58:41,2022-02-06 19:45:00+00:00,50,0,50,True,senile-pulsar,2544,Den Haag,True
2022-02-06 15:58:41,2022-02-06 20:00:00+00:00,15,0,15,True,oblique-table,4824,Breda,True
2022-02-06 15:58:41,2022-02-06 20:00:00+00:00,0,0,0,False,oily-wire,3769,Soesterberg,True
2022-02-06 15:58:41,2022-02-06 20:00:00+00:00,0,0,0,False,weathered-bronze,3439,Nieuwegein,True
2022-02-06 15:58:41,2022-02-06 20:15:00+00:00,0,0,0,False,oily-wire,3769,Soesterberg,True
2022-02-06 15:58:41,2022-02-06 20:15:00+00:00,15,0,15,True,oblique-table,4824,Breda,True
2022-02-06 15:58:41,2022-02-06 20:15:00+00:00,0,0,0,False,weathered-bronze,3439,Nieuwegein,True
2022-02-06 15:58:41,2022-02-06 20:30:00+00:00,15,0,15,True,oblique-table,4824,Breda,True
2022-02-06 15:58:41,2022-02-06 20:30:00+00:00,0,0,0,False,oily-wire,3769,Soesterberg,True
2022-02-06 15:58:41,2022-02-06 20:30:00+00:00,0,0,0,False,weathered-bronze,3439,Nieuwegein,True
2022-02-06 15:58:41,2022-02-06 20:45:00+00:00,15,0,15,True,oblique-table,4824,Breda,True
2022-02-06 15:58:41,2022-02-06 20:45:00+00:00,0,0,0,False,weathered-bronze,3439,Nieuwegein,True
2022-02-06 15:58:41,2022-02-06 20:45:00+00:00,0,0,0,False,oily-wire,3769,Soesterberg,True
2022-02-06 16:19:46,2022-02-06 16:30:00+00:00,6,1,5,True,many-sofa,5121,Rijen,True
2022-02-06 16:19:46,2022-02-06 16:30:00+00:00,12,1,11,True,glossy-arneis,5342,Oss,True
2022-02-06 16:19:46,2022-02-06 16:30:00+00:00,18,6,12,True,warm-cash,3044,Rotterdam,True
2022-02-06 16:19:46,2022-02-06 16:30:00+00:00,12,1,11,True,optimal-template,6545,Nijmegen,True
2022-02-06 16:19:46,2022-02-06 16:30:00+00:00,0,0,0,False,internal-class,4104,Culemborg,True
2022-02-06 16:19:46,2022-02-06 16:30:00+00:00,50,0,50,True,senile-pulsar,2544,Den Haag,True
2022-02-06 16:19:46,2022-02-06 16:30:00+00:00,5,3,2,True,funny-map,1976,IJmuiden,True
2022-02-06 16:19:46,2022-02-06 16:30:00+00:00,30,7,23,True,ambitious-heel,7556,Hengelo,True
2022-02-06 16:19:46,2022-02-06 16:30:00+00:00,0,0,0,False,weathered-bronze,3439,Nieuwegein,True
2022-02-06 16:19:46,2022-02-06 16:30:00+00:00,10,6,4,True,seething-trellis,1078,Amsterdam,True
2022-02-06 16:19:46,2022-02-06 16:30:00+00:00,0,0,0,False,oily-wire,3769,Soesterberg,True
2022-02-06 16:19:46,2022-02-06 16:30:00+00:00,20,5,15,True,quadratic-corgie,7418,Deventer,True
2022-02-06 16:19:46,2022-02-06 16:30:00+00:00,10,1,9,True,generative-abscissa,3817,Amersfoort,True
2022-02-06 16:19:46,2022-02-06 16:30:00+00:00,0,0,0,False,brass-branch,7202,Zutphen,True
2022-02-06 16:19:46,2022-02-06 16:30:00+00:00,0,0,0,False,augmenting-step,1271,Huizen,True
2022-02-06 16:19:46,2022-02-06 16:30:00+00:00,0,0,0,False,nimble-ottoman,7544,Enschede,True
2022-02-06 16:19:46,2022-02-06 16:30:00+00:00,25,2,23,True,investor-refresh,8013,Zwolle,True
2022-02-06 16:19:46,2022-02-06 16:30:00+00:00,10,0,10,True,random-tropics,2182,Hillegom,True
2022-02-06 16:19:46,2022-02-06 16:30:00+00:00,18,0,18,True,adjacent-string,4815,Breda,True
2022-02-06 16:19:46,2022-02-06 16:30:00+00:00,15,0,15,True,oblique-table,4824,Breda,True
2022-02-06 16:19:46,2022-02-06 16:45:00+00:00,10,3,7,True,generative-abscissa,3817,Amersfoort,True
2022-02-06 16:19:46,2022-02-06 16:45:00+00:00,5,0,5,True,funny-map,1976,IJmuiden,True
2022-02-06 16:19:46,2022-02-06 16:45:00+00:00,0,0,0,False,nimble-ottoman,7544,Enschede,True
2022-02-06 16:19:46,2022-02-06 16:45:00+00:00,50,0,50,True,senile-pulsar,2544,Den Haag,True
2022-02-06 16:19:46,2022-02-06 16:45:00+00:00,15,0,15,True,oblique-table,4824,Breda,True
2022-02-06 16:19:46,2022-02-06 16:45:00+00:00,10,4,6,True,random-tropics,2182,Hillegom,True
2022-02-06 16:19:46,2022-02-06 16:45:00+00:00,18,0,18,True,adjacent-string,4815,Breda,True
2022-02-06 16:19:46,2022-02-06 16:45:00+00:00,0,0,0,False,augmenting-step,1271,Huizen,True
2022-02-06 16:19:46,2022-02-06 16:45:00+00:00,0,0,0,False,weathered-bronze,3439,Nieuwegein,True
2022-02-06 16:19:46,2022-02-06 16:45:00+00:00,0,0,0,False,oily-wire,3769,Soesterberg,True
2022-02-06 16:19:46,2022-02-06 16:45:00+00:00,0,0,0,False,brass-branch,7202,Zutphen,True
2022-02-06 16:19:46,2022-02-06 16:45:00+00:00,0,0,0,False,internal-class,4104,Culemborg,True
2022-02-06 16:19:46,2022-02-06 16:45:00+00:00,0,0,0,False,quadratic-corgie,7418,Deventer,True
2022-02-06 16:19:46,2022-02-06 16:45:00+00:00,12,2,10,True,optimal-template,6545,Nijmegen,True
2022-02-06 16:19:46,2022-02-06 16:45:00+00:00,18,7,11,True,warm-cash,3044,Rotterdam,True
2022-02-06 16:19:46,2022-02-06 16:45:00+00:00,25,0,25,True,investor-refresh,8013,Zwolle,True
2022-02-06 16:19:46,2022-02-06 16:45:00+00:00,12,1,11,True,glossy-arneis,5342,Oss,True
2022-02-06 16:19:46,2022-02-06 16:45:00+00:00,10,10,0,False,seething-trellis,1078,Amsterdam,True
2022-02-06 16:19:46,2022-02-06 16:45:00+00:00,6,1,5,True,many-sofa,5121,Rijen,True
2022-02-06 16:19:46,2022-02-06 16:45:00+00:00,30,1,29,True,ambitious-heel,7556,Hengelo,True
2022-02-06 16:19:46,2022-02-06 17:00:00+00:00,0,0,0,False,weathered-bronze,3439,Nieuwegein,True
2022-02-06 16:19:46,2022-02-06 17:00:00+00:00,0,0,0,False,nimble-ottoman,7544,Enschede,True
2022-02-06 16:19:46,2022-02-06 17:00:00+00:00,5,0,5,True,funny-map,1976,IJmuiden,True
2022-02-06 16:19:46,2022-02-06 17:00:00+00:00,15,1,14,True,oblique-table,4824,Breda,True
2022-02-06 16:19:46,2022-02-06 17:00:00+00:00,25,3,22,True,investor-refresh,8013,Zwolle,True
2022-02-06 16:19:46,2022-02-06 17:00:00+00:00,50,0,50,True,senile-pulsar,2544,Den Haag,True
2022-02-06 16:19:46,2022-02-06 17:00:00+00:00,0,0,0,False,oily-wire,3769,Soesterberg,True
2022-02-06 16:19:46,2022-02-06 17:00:00+00:00,0,0,0,False,augmenting-step,1271,Huizen,True
2022-02-06 16:19:46,2022-02-06 17:00:00+00:00,0,0,0,False,internal-class,4104,Culemborg,True
2022-02-06 16:19:46,2022-02-06 17:00:00+00:00,0,0,0,False,quadratic-corgie,7418,Deventer,True
2022-02-06 16:19:46,2022-02-06 17:00:00+00:00,0,0,0,False,brass-branch,7202,Zutphen,True
2022-02-06 16:19:46,2022-02-06 17:15:00+00:00,0,0,0,False,brass-branch,7202,Zutphen,True
2022-02-06 16:19:46,2022-02-06 17:15:00+00:00,0,0,0,False,quadratic-corgie,7418,Deventer,True
2022-02-06 16:19:46,2022-02-06 17:15:00+00:00,5,0,5,True,funny-map,1976,IJmuiden,True
2022-02-06 16:19:46,2022-02-06 17:15:00+00:00,0,0,0,False,weathered-bronze,3439,Nieuwegein,True
2022-02-06 16:19:46,2022-02-06 17:15:00+00:00,0,0,0,False,internal-class,4104,Culemborg,True
2022-02-06 16:19:46,2022-02-06 17:15:00+00:00,50,0,50,True,senile-pulsar,2544,Den Haag,True
2022-02-06 16:19:46,2022-02-06 17:15:00+00:00,0,0,0,False,augmenting-step,1271,Huizen,True
2022-02-06 16:19:46,2022-02-06 17:15:00+00:00,0,0,0,False,nimble-ottoman,7544,Enschede,True
2022-02-06 16:19:46,2022-02-06 17:15:00+00:00,25,1,24,True,investor-refresh,8013,Zwolle,True
2022-02-06 16:19:46,2022-02-06 17:15:00+00:00,0,0,0,False,oily-wire,3769,Soesterberg,True
2022-02-06 16:19:46,2022-02-06 17:15:00+00:00,15,0,15,True,oblique-table,4824,Breda,True
2022-02-06 16:19:46,2022-02-06 17:30:00+00:00,0,0,0,False,oily-wire,3769,Soesterberg,True
2022-02-06 16:19:46,2022-02-06 17:30:00+00:00,1,1,0,False,quadratic-corgie,7418,Deventer,True
2022-02-06 16:19:46,2022-02-06 17:30:00+00:00,0,0,0,False,augmenting-step,1271,Huizen,True
2022-02-06 16:19:46,2022-02-06 17:30:00+00:00,0,0,0,False,weathered-bronze,3439,Nieuwegein,True
2022-02-06 16:19:46,2022-02-06 17:30:00+00:00,15,1,14,True,oblique-table,4824,Breda,True
2022-02-06 16:19:46,2022-02-06 17:30:00+00:00,25,1,24,True,investor-refresh,8013,Zwolle,True
2022-02-06 16:19:46,2022-02-06 17:30:00+00:00,0,0,0,False,internal-class,4104,Culemborg,True
2022-02-06 16:19:46,2022-02-06 17:30:00+00:00,50,0,50,True,senile-pulsar,2544,Den Haag,True
2022-02-06 16:19:46,2022-02-06 17:30:00+00:00,5,0,5,True,funny-map,1976,IJmuiden,True
2022-02-06 16:19:46,2022-02-06 17:30:00+00:00,0,0,0,False,nimble-ottoman,7544,Enschede,True
2022-02-06 16:19:46,2022-02-06 17:30:00+00:00,0,0,0,False,brass-branch,7202,Zutphen,True
2022-02-06 16:19:46,2022-02-06 17:45:00+00:00,0,0,0,False,weathered-bronze,3439,Nieuwegein,True
2022-02-06 16:19:46,2022-02-06 17:45:00+00:00,25,0,25,True,investor-refresh,8013,Zwolle,True
2022-02-06 16:19:46,2022-02-06 17:45:00+00:00,0,0,0,False,brass-branch,7202,Zutphen,True
2022-02-06 16:19:46,2022-02-06 17:45:00+00:00,0,0,0,False,internal-class,4104,Culemborg,True
2022-02-06 16:19:46,2022-02-06 17:45:00+00:00,5,0,5,True,funny-map,1976,IJmuiden,True
2022-02-06 16:19:46,2022-02-06 17:45:00+00:00,50,0,50,True,senile-pulsar,2544,Den Haag,True
2022-02-06 16:19:46,2022-02-06 17:45:00+00:00,15,0,15,True,oblique-table,4824,Breda,True
2022-02-06 16:19:46,2022-02-06 17:45:00+00:00,0,0,0,False,augmenting-step,1271,Huizen,True
2022-02-06 16:19:46,2022-02-06 17:45:00+00:00,0,0,0,False,quadratic-corgie,7418,Deventer,True
2022-02-06 16:19:46,2022-02-06 17:45:00+00:00,0,0,0,False,oily-wire,3769,Soesterberg,True
2022-02-06 16:19:46,2022-02-06 17:45:00+00:00,0,0,0,False,nimble-ottoman,7544,Enschede,True
2022-02-06 16:19:46,2022-02-06 18:00:00+00:00,0,0,0,False,brass-branch,7202,Zutphen,True
2022-02-06 16:19:46,2022-02-06 18:00:00+00:00,0,0,0,False,weathered-bronze,3439,Nieuwegein,True
2022-02-06 16:19:46,2022-02-06 18:00:00+00:00,1,1,0,False,oily-wire,3769,Soesterberg,True
2022-02-06 16:19:46,2022-02-06 18:00:00+00:00,0,0,0,False,quadratic-corgie,7418,Deventer,True
2022-02-06 16:19:46,2022-02-06 18:00:00+00:00,0,0,0,False,nimble-ottoman,7544,Enschede,True
2022-02-06 16:19:46,2022-02-06 18:00:00+00:00,50,0,50,True,senile-pulsar,2544,Den Haag,True
2022-02-06 16:19:46,2022-02-06 18:00:00+00:00,15,0,15,True,oblique-table,4824,Breda,True
2022-02-06 16:19:46,2022-02-06 18:00:00+00:00,5,1,4,True,funny-map,1976,IJmuiden,True
2022-02-06 16:19:46,2022-02-06 18:00:00+00:00,0,0,0,False,internal-class,4104,Culemborg,True
2022-02-06 16:19:46,2022-02-06 18:00:00+00:00,25,1,24,True,investor-refresh,8013,Zwolle,True
2022-02-06 16:19:46,2022-02-06 18:00:00+00:00,0,0,0,False,augmenting-step,1271,Huizen,True
2022-02-06 16:19:46,2022-02-06 18:15:00+00:00,0,0,0,False,augmenting-step,1271,Huizen,True
2022-02-06 16:19:46,2022-02-06 18:15:00+00:00,0,0,0,False,quadratic-corgie,7418,Deventer,True
2022-02-06 16:19:46,2022-02-06 18:15:00+00:00,25,1,24,True,investor-refresh,8013,Zwolle,True
2022-02-06 16:19:46,2022-02-06 18:15:00+00:00,5,0,5,True,funny-map,1976,IJmuiden,True
2022-02-06 16:19:46,2022-02-06 18:15:00+00:00,0,0,0,False,nimble-ottoman,7544,Enschede,True
2022-02-06 16:19:46,2022-02-06 18:15:00+00:00,0,0,0,False,oily-wire,3769,Soesterberg,True
2022-02-06 16:19:46,2022-02-06 18:15:00+00:00,0,0,0,False,weathered-bronze,3439,Nieuwegein,True
2022-02-06 16:19:46,2022-02-06 18:15:00+00:00,0,0,0,False,brass-branch,7202,Zutphen,True
2022-02-06 16:19:46,2022-02-06 18:15:00+00:00,15,0,15,True,oblique-table,4824,Breda,True
2022-02-06 16:19:46,2022-02-06 18:15:00+00:00,0,0,0,False,internal-class,4104,Culemborg,True
2022-02-06 16:19:46,2022-02-06 18:15:00+00:00,50,0,50,True,senile-pulsar,2544,Den Haag,True
2022-02-06 16:19:46,2022-02-06 18:30:00+00:00,15,0,15,True,oblique-table,4824,Breda,True
2022-02-06 16:19:46,2022-02-06 18:30:00+00:00,5,0,5,True,funny-map,1976,IJmuiden,True
2022-02-06 16:19:46,2022-02-06 18:30:00+00:00,0,0,0,False,internal-class,4104,Culemborg,True
2022-02-06 16:19:46,2022-02-06 18:30:00+00:00,50,0,50,True,senile-pulsar,2544,Den Haag,True
2022-02-06 16:19:46,2022-02-06 18:30:00+00:00,0,0,0,False,nimble-ottoman,7544,Enschede,True
2022-02-06 16:19:46,2022-02-06 18:30:00+00:00,0,0,0,False,weathered-bronze,3439,Nieuwegein,True
2022-02-06 16:19:46,2022-02-06 18:30:00+00:00,3,3,0,False,quadratic-corgie,7418,Deventer,True
2022-02-06 16:19:46,2022-02-06 18:30:00+00:00,25,1,24,True,investor-refresh,8013,Zwolle,True
2022-02-06 16:19:46,2022-02-06 18:30:00+00:00,0,0,0,False,brass-branch,7202,Zutphen,True
2022-02-06 16:19:46,2022-02-06 18:30:00+00:00,0,0,0,False,oily-wire,3769,Soesterberg,True
2022-02-06 16:19:46,2022-02-06 18:30:00+00:00,0,0,0,False,augmenting-step,1271,Huizen,True
2022-02-06 16:19:46,2022-02-06 18:45:00+00:00,0,0,0,False,oily-wire,3769,Soesterberg,True
2022-02-06 16:19:46,2022-02-06 18:45:00+00:00,15,0,15,True,oblique-table,4824,Breda,True
2022-02-06 16:19:46,2022-02-06 18:45:00+00:00,5,0,5,True,funny-map,1976,IJmuiden,True
2022-02-06 16:19:46,2022-02-06 18:45:00+00:00,0,0,0,False,internal-class,4104,Culemborg,True
2022-02-06 16:19:46,2022-02-06 18:45:00+00:00,0,0,0,False,nimble-ottoman,7544,Enschede,True
2022-02-06 16:19:46,2022-02-06 18:45:00+00:00,0,0,0,False,brass-branch,7202,Zutphen,True
2022-02-06 16:19:46,2022-02-06 18:45:00+00:00,0,0,0,False,augmenting-step,1271,Huizen,True
2022-02-06 16:19:46,2022-02-06 18:45:00+00:00,0,0,0,False,weathered-bronze,3439,Nieuwegein,True
2022-02-06 16:19:46,2022-02-06 18:45:00+00:00,50,0,50,True,senile-pulsar,2544,Den Haag,True
2022-02-06 16:19:46,2022-02-06 18:45:00+00:00,25,1,24,True,investor-refresh,8013,Zwolle,True
2022-02-06 16:19:46,2022-02-06 18:45:00+00:00,2,2,0,False,quadratic-corgie,7418,Deventer,True
2022-02-06 16:19:46,2022-02-06 19:00:00+00:00,15,0,15,True,oblique-table,4824,Breda,True
2022-02-06 16:19:46,2022-02-06 19:00:00+00:00,0,0,0,False,weathered-bronze,3439,Nieuwegein,True
2022-02-06 16:19:46,2022-02-06 19:00:00+00:00,50,0,50,True,senile-pulsar,2544,Den Haag,True
2022-02-06 16:19:46,2022-02-06 19:00:00+00:00,1,1,0,False,oily-wire,3769,Soesterberg,True
2022-02-06 16:19:46,2022-02-06 19:15:00+00:00,15,0,15,True,oblique-table,4824,Breda,True
2022-02-06 16:19:46,2022-02-06 19:15:00+00:00,0,0,0,False,oily-wire,3769,Soesterberg,True
2022-02-06 16:19:46,2022-02-06 19:15:00+00:00,0,0,0,False,weathered-bronze,3439,Nieuwegein,True
2022-02-06 16:19:46,2022-02-06 19:15:00+00:00,50,0,50,True,senile-pulsar,2544,Den Haag,True
2022-02-06 16:19:46,2022-02-06 19:30:00+00:00,50,0,50,True,senile-pulsar,2544,Den Haag,True
2022-02-06 16:19:46,2022-02-06 19:30:00+00:00,0,0,0,False,oily-wire,3769,Soesterberg,True
2022-02-06 16:19:46,2022-02-06 19:30:00+00:00,0,0,0,False,weathered-bronze,3439,Nieuwegein,True
2022-02-06 16:19:46,2022-02-06 19:30:00+00:00,15,0,15,True,oblique-table,4824,Breda,True
2022-02-06 16:19:46,2022-02-06 19:45:00+00:00,0,0,0,False,oily-wire,3769,Soesterberg,True
2022-02-06 16:19:46,2022-02-06 19:45:00+00:00,50,0,50,True,senile-pulsar,2544,Den Haag,True
2022-02-06 16:19:46,2022-02-06 19:45:00+00:00,0,0,0,False,weathered-bronze,3439,Nieuwegein,True
2022-02-06 16:19:46,2022-02-06 19:45:00+00:00,15,0,15,True,oblique-table,4824,Breda,True
2022-02-06 16:19:46,2022-02-06 20:00:00+00:00,0,0,0,False,weathered-bronze,3439,Nieuwegein,True
2022-02-06 16:19:46,2022-02-06 20:00:00+00:00,15,0,15,True,oblique-table,4824,Breda,True
2022-02-06 16:19:46,2022-02-06 20:00:00+00:00,0,0,0,False,oily-wire,3769,Soesterberg,True
2022-02-06 16:19:46,2022-02-06 20:15:00+00:00,0,0,0,False,oily-wire,3769,Soesterberg,True
2022-02-06 16:19:46,2022-02-06 20:15:00+00:00,0,0,0,False,weathered-bronze,3439,Nieuwegein,True
2022-02-06 16:19:46,2022-02-06 20:15:00+00:00,15,0,15,True,oblique-table,4824,Breda,True
2022-02-06 16:19:46,2022-02-06 20:30:00+00:00,0,0,0,False,weathered-bronze,3439,Nieuwegein,True
2022-02-06 16:19:46,2022-02-06 20:30:00+00:00,0,0,0,False,oily-wire,3769,Soesterberg,True
2022-02-06 16:19:46,2022-02-06 20:30:00+00:00,15,0,15,True,oblique-table,4824,Breda,True
2022-02-06 16:19:46,2022-02-06 20:45:00+00:00,15,0,15,True,oblique-table,4824,Breda,True
2022-02-06 16:19:46,2022-02-06 20:45:00+00:00,0,0,0,False,weathered-bronze,3439,Nieuwegein,True
2022-02-06 16:19:46,2022-02-06 20:45:00+00:00,0,0,0,False,oily-wire,3769,Soesterberg,True
2022-02-06 17:14:01,2022-02-06 17:15:00+00:00,15,2,13,True,oblique-table,4824,Breda,True
2022-02-06 17:14:01,2022-02-06 17:15:00+00:00,50,0,50,True,senile-pulsar,2544,Den Haag,True
2022-02-06 17:14:01,2022-02-06 17:15:00+00:00,5,0,5,True,funny-map,1976,IJmuiden,True
2022-02-06 17:14:01,2022-02-06 17:15:00+00:00,0,0,0,False,oily-wire,3769,Soesterberg,True
2022-02-06 17:14:01,2022-02-06 17:15:00+00:00,0,0,0,False,nimble-ottoman,7544,Enschede,True
2022-02-06 17:14:01,2022-02-06 17:15:00+00:00,0,0,0,False,internal-class,4104,Culemborg,True
2022-02-06 17:14:01,2022-02-06 17:15:00+00:00,0,0,0,False,quadratic-corgie,7418,Deventer,True
2022-02-06 17:14:01,2022-02-06 17:15:00+00:00,25,1,24,True,investor-refresh,8013,Zwolle,True
2022-02-06 17:14:01,2022-02-06 17:15:00+00:00,0,0,0,False,augmenting-step,1271,Huizen,True
2022-02-06 17:14:01,2022-02-06 17:15:00+00:00,0,0,0,False,brass-branch,7202,Zutphen,True
2022-02-06 17:14:01,2022-02-06 17:15:00+00:00,0,0,0,False,weathered-bronze,3439,Nieuwegein,True
2022-02-06 17:14:01,2022-02-06 17:30:00+00:00,0,0,0,False,weathered-bronze,3439,Nieuwegein,True
2022-02-06 17:14:01,2022-02-06 17:30:00+00:00,1,1,0,False,quadratic-corgie,7418,Deventer,True
2022-02-06 17:14:01,2022-02-06 17:30:00+00:00,0,0,0,False,augmenting-step,1271,Huizen,True
2022-02-06 17:14:01,2022-02-06 17:30:00+00:00,50,0,50,True,senile-pulsar,2544,Den Haag,True
2022-02-06 17:14:01,2022-02-06 17:30:00+00:00,0,0,0,False,brass-branch,7202,Zutphen,True
2022-02-06 17:14:01,2022-02-06 17:30:00+00:00,0,0,0,False,nimble-ottoman,7544,Enschede,True
2022-02-06 17:14:01,2022-02-06 17:30:00+00:00,0,0,0,False,oily-wire,3769,Soesterberg,True
2022-02-06 17:14:01,2022-02-06 17:30:00+00:00,15,1,14,True,oblique-table,4824,Breda,True
2022-02-06 17:14:01,2022-02-06 17:30:00+00:00,0,0,0,False,internal-class,4104,Culemborg,True
2022-02-06 17:14:01,2022-02-06 17:30:00+00:00,5,1,4,True,funny-map,1976,IJmuiden,True
2022-02-06 17:14:01,2022-02-06 17:30:00+00:00,25,2,23,True,investor-refresh,8013,Zwolle,True
2022-02-06 17:14:01,2022-02-06 17:45:00+00:00,25,2,23,True,investor-refresh,8013,Zwolle,True
2022-02-06 17:14:01,2022-02-06 17:45:00+00:00,0,0,0,False,oily-wire,3769,Soesterberg,True
2022-02-06 17:14:01,2022-02-06 17:45:00+00:00,15,0,15,True,oblique-table,4824,Breda,True
2022-02-06 17:14:01,2022-02-06 17:45:00+00:00,0,0,0,False,brass-branch,7202,Zutphen,True
2022-02-06 17:14:01,2022-02-06 17:45:00+00:00,0,0,0,False,augmenting-step,1271,Huizen,True
2022-02-06 17:14:01,2022-02-06 17:45:00+00:00,0,0,0,False,weathered-bronze,3439,Nieuwegein,True
2022-02-06 17:14:01,2022-02-06 17:45:00+00:00,0,0,0,False,internal-class,4104,Culemborg,True
2022-02-06 17:14:01,2022-02-06 17:45:00+00:00,50,1,49,True,senile-pulsar,2544,Den Haag,True
2022-02-06 17:14:01,2022-02-06 17:45:00+00:00,0,0,0,False,quadratic-corgie,7418,Deventer,True
2022-02-06 17:14:01,2022-02-06 17:45:00+00:00,0,0,0,False,nimble-ottoman,7544,Enschede,True
2022-02-06 17:14:01,2022-02-06 17:45:00+00:00,5,1,4,True,funny-map,1976,IJmuiden,True
2022-02-06 17:14:01,2022-02-06 18:00:00+00:00,0,0,0,False,internal-class,4104,Culemborg,True
2022-02-06 17:14:01,2022-02-06 18:00:00+00:00,0,0,0,False,quadratic-corgie,7418,Deventer,True
2022-02-06 17:14:01,2022-02-06 18:00:00+00:00,0,0,0,False,nimble-ottoman,7544,Enschede,True
2022-02-06 17:14:01,2022-02-06 18:00:00+00:00,1,1,0,False,oily-wire,3769,Soesterberg,True
2022-02-06 17:14:01,2022-02-06 18:00:00+00:00,25,3,22,True,investor-refresh,8013,Zwolle,True
2022-02-06 17:14:01,2022-02-06 18:00:00+00:00,5,1,4,True,funny-map,1976,IJmuiden,True
2022-02-06 17:14:01,2022-02-06 18:00:00+00:00,0,0,0,False,weathered-bronze,3439,Nieuwegein,True
2022-02-06 17:14:01,2022-02-06 18:00:00+00:00,0,0,0,False,augmenting-step,1271,Huizen,True
2022-02-06 17:14:01,2022-02-06 18:00:00+00:00,50,0,50,True,senile-pulsar,2544,Den Haag,True
2022-02-06 17:14:01,2022-02-06 18:00:00+00:00,15,1,14,True,oblique-table,4824,Breda,True
2022-02-06 17:14:01,2022-02-06 18:00:00+00:00,0,0,0,False,brass-branch,7202,Zutphen,True
2022-02-06 17:14:01,2022-02-06 18:15:00+00:00,5,0,5,True,funny-map,1976,IJmuiden,True
2022-02-06 17:14:01,2022-02-06 18:15:00+00:00,0,0,0,False,brass-branch,7202,Zutphen,True
2022-02-06 17:14:01,2022-02-06 18:15:00+00:00,0,0,0,False,quadratic-corgie,7418,Deventer,True
2022-02-06 17:14:01,2022-02-06 18:15:00+00:00,0,0,0,False,augmenting-step,1271,Huizen,True
2022-02-06 17:14:01,2022-02-06 18:15:00+00:00,0,0,0,False,nimble-ottoman,7544,Enschede,True
2022-02-06 17:14:01,2022-02-06 18:15:00+00:00,25,2,23,True,investor-refresh,8013,Zwolle,True
2022-02-06 17:14:01,2022-02-06 18:15:00+00:00,0,0,0,False,oily-wire,3769,Soesterberg,True
2022-02-06 17:14:01,2022-02-06 18:15:00+00:00,0,0,0,False,weathered-bronze,3439,Nieuwegein,True
2022-02-06 17:14:01,2022-02-06 18:15:00+00:00,0,0,0,False,internal-class,4104,Culemborg,True
2022-02-06 17:14:01,2022-02-06 18:15:00+00:00,15,0,15,True,oblique-table,4824,Breda,True
2022-02-06 17:14:01,2022-02-06 18:15:00+00:00,50,0,50,True,senile-pulsar,2544,Den Haag,True
2022-02-06 17:14:01,2022-02-06 18:30:00+00:00,0,0,0,False,brass-branch,7202,Zutphen,True
2022-02-06 17:14:01,2022-02-06 18:30:00+00:00,0,0,0,False,weathered-bronze,3439,Nieuwegein,True
2022-02-06 17:14:01,2022-02-06 18:30:00+00:00,0,0,0,False,nimble-ottoman,7544,Enschede,True
2022-02-06 17:14:01,2022-02-06 18:30:00+00:00,5,0,5,True,funny-map,1976,IJmuiden,True
2022-02-06 17:14:01,2022-02-06 18:30:00+00:00,0,0,0,False,augmenting-step,1271,Huizen,True
2022-02-06 17:14:01,2022-02-06 18:30:00+00:00,0,0,0,False,internal-class,4104,Culemborg,True
2022-02-06 17:14:01,2022-02-06 18:30:00+00:00,15,1,14,True,oblique-table,4824,Breda,True
2022-02-06 17:14:01,2022-02-06 18:30:00+00:00,50,0,50,True,senile-pulsar,2544,Den Haag,True
2022-02-06 17:14:01,2022-02-06 18:30:00+00:00,3,3,0,False,quadratic-corgie,7418,Deventer,True
2022-02-06 17:14:01,2022-02-06 18:30:00+00:00,0,0,0,False,oily-wire,3769,Soesterberg,True
2022-02-06 17:14:01,2022-02-06 18:30:00+00:00,25,2,23,True,investor-refresh,8013,Zwolle,True
2022-02-06 17:14:01,2022-02-06 18:45:00+00:00,0,0,0,False,augmenting-step,1271,Huizen,True
2022-02-06 17:14:01,2022-02-06 18:45:00+00:00,2,2,0,False,quadratic-corgie,7418,Deventer,True
2022-02-06 17:14:01,2022-02-06 18:45:00+00:00,50,0,50,True,senile-pulsar,2544,Den Haag,True
2022-02-06 17:14:01,2022-02-06 18:45:00+00:00,0,0,0,False,weathered-bronze,3439,Nieuwegein,True
2022-02-06 17:14:01,2022-02-06 18:45:00+00:00,25,2,23,True,investor-refresh,8013,Zwolle,True
2022-02-06 17:14:01,2022-02-06 18:45:00+00:00,0,0,0,False,brass-branch,7202,Zutphen,True
2022-02-06 17:14:01,2022-02-06 18:45:00+00:00,0,0,0,False,nimble-ottoman,7544,Enschede,True
2022-02-06 17:14:01,2022-02-06 18:45:00+00:00,5,0,5,True,funny-map,1976,IJmuiden,True
2022-02-06 17:14:01,2022-02-06 18:45:00+00:00,15,0,15,True,oblique-table,4824,Breda,True
2022-02-06 17:14:01,2022-02-06 18:45:00+00:00,0,0,0,False,oily-wire,3769,Soesterberg,True
2022-02-06 17:14:01,2022-02-06 18:45:00+00:00,0,0,0,False,internal-class,4104,Culemborg,True
2022-02-06 17:14:01,2022-02-06 19:00:00+00:00,15,0,15,True,oblique-table,4824,Breda,True
2022-02-06 17:14:01,2022-02-06 19:00:00+00:00,50,1,49,True,senile-pulsar,2544,Den Haag,True
2022-02-06 17:14:01,2022-02-06 19:00:00+00:00,1,1,0,False,oily-wire,3769,Soesterberg,True
2022-02-06 17:14:01,2022-02-06 19:00:00+00:00,0,0,0,False,weathered-bronze,3439,Nieuwegein,True
2022-02-06 17:14:01,2022-02-06 19:15:00+00:00,0,0,0,False,weathered-bronze,3439,Nieuwegein,True
2022-02-06 17:14:01,2022-02-06 19:15:00+00:00,15,0,15,True,oblique-table,4824,Breda,True
2022-02-06 17:14:01,2022-02-06 19:15:00+00:00,50,0,50,True,senile-pulsar,2544,Den Haag,True
2022-02-06 17:14:01,2022-02-06 19:15:00+00:00,0,0,0,False,oily-wire,3769,Soesterberg,True
2022-02-06 17:14:01,2022-02-06 19:30:00+00:00,15,0,15,True,oblique-table,4824,Breda,True
2022-02-06 17:14:01,2022-02-06 19:30:00+00:00,50,0,50,True,senile-pulsar,2544,Den Haag,True
2022-02-06 17:14:01,2022-02-06 19:30:00+00:00,0,0,0,False,oily-wire,3769,Soesterberg,True
2022-02-06 17:14:01,2022-02-06 19:30:00+00:00,0,0,0,False,weathered-bronze,3439,Nieuwegein,True
2022-02-06 17:14:01,2022-02-06 19:45:00+00:00,50,1,49,True,senile-pulsar,2544,Den Haag,True
2022-02-06 17:14:01,2022-02-06 19:45:00+00:00,0,0,0,False,weathered-bronze,3439,Nieuwegein,True
2022-02-06 17:14:01,2022-02-06 19:45:00+00:00,0,0,0,False,oily-wire,3769,Soesterberg,True
2022-02-06 17:14:01,2022-02-06 19:45:00+00:00,15,0,15,True,oblique-table,4824,Breda,True
2022-02-06 17:14:01,2022-02-06 20:00:00+00:00,0,0,0,False,oily-wire,3769,Soesterberg,True
2022-02-06 17:14:01,2022-02-06 20:00:00+00:00,0,0,0,False,weathered-bronze,3439,Nieuwegein,True
2022-02-06 17:14:01,2022-02-06 20:00:00+00:00,15,0,15,True,oblique-table,4824,Breda,True
2022-02-06 17:14:01,2022-02-06 20:15:00+00:00,0,0,0,False,weathered-bronze,3439,Nieuwegein,True
2022-02-06 17:14:01,2022-02-06 20:15:00+00:00,0,0,0,False,oily-wire,3769,Soesterberg,True
2022-02-06 17:14:01,2022-02-06 20:15:00+00:00,15,0,15,True,oblique-table,4824,Breda,True
2022-02-06 17:14:01,2022-02-06 20:30:00+00:00,0,0,0,False,oily-wire,3769,Soesterberg,True
2022-02-06 17:14:01,2022-02-06 20:30:00+00:00,15,0,15,True,oblique-table,4824,Breda,True
2022-02-06 17:14:01,2022-02-06 20:30:00+00:00,0,0,0,False,weathered-bronze,3439,Nieuwegein,True
2022-02-06 17:14:01,2022-02-06 20:45:00+00:00,0,0,0,False,weathered-bronze,3439,Nieuwegein,True
2022-02-06 17:14:01,2022-02-06 20:45:00+00:00,0,0,0,False,oily-wire,3769,Soesterberg,True
2022-02-06 17:14:01,2022-02-06 20:45:00+00:00,15,0,15,True,oblique-table,4824,Breda,True
2022-02-06 18:15:31,2022-02-06 18:30:00+00:00,15,2,13,True,oblique-table,4824,Breda,True
2022-02-06 18:15:31,2022-02-06 18:30:00+00:00,25,2,23,True,investor-refresh,8013,Zwolle,True
2022-02-06 18:15:31,2022-02-06 18:30:00+00:00,0,0,0,False,oily-wire,3769,Soesterberg,True
2022-02-06 18:15:31,2022-02-06 18:30:00+00:00,50,1,49,True,senile-pulsar,2544,Den Haag,True
2022-02-06 18:15:31,2022-02-06 18:30:00+00:00,0,0,0,False,brass-branch,7202,Zutphen,True
2022-02-06 18:15:31,2022-02-06 18:30:00+00:00,0,0,0,False,internal-class,4104,Culemborg,True
2022-02-06 18:15:31,2022-02-06 18:30:00+00:00,0,0,0,False,augmenting-step,1271,Huizen,True
2022-02-06 18:15:31,2022-02-06 18:30:00+00:00,0,0,0,False,nimble-ottoman,7544,Enschede,True
2022-02-06 18:15:31,2022-02-06 18:30:00+00:00,5,0,5,True,funny-map,1976,IJmuiden,True
2022-02-06 18:15:31,2022-02-06 18:30:00+00:00,3,3,0,False,quadratic-corgie,7418,Deventer,True
2022-02-06 18:15:31,2022-02-06 18:30:00+00:00,0,0,0,False,weathered-bronze,3439,Nieuwegein,True
2022-02-06 18:15:31,2022-02-06 18:45:00+00:00,0,0,0,False,augmenting-step,1271,Huizen,True
2022-02-06 18:15:31,2022-02-06 18:45:00+00:00,0,0,0,False,weathered-bronze,3439,Nieuwegein,True
2022-02-06 18:15:31,2022-02-06 18:45:00+00:00,0,0,0,False,brass-branch,7202,Zutphen,True
2022-02-06 18:15:31,2022-02-06 18:45:00+00:00,2,2,0,False,quadratic-corgie,7418,Deventer,True
2022-02-06 18:15:31,2022-02-06 18:45:00+00:00,0,0,0,False,nimble-ottoman,7544,Enschede,True
2022-02-06 18:15:31,2022-02-06 18:45:00+00:00,0,0,0,False,oily-wire,3769,Soesterberg,True
2022-02-06 18:15:31,2022-02-06 18:45:00+00:00,5,1,4,True,funny-map,1976,IJmuiden,True
2022-02-06 18:15:31,2022-02-06 18:45:00+00:00,25,4,21,True,investor-refresh,8013,Zwolle,True
2022-02-06 18:15:31,2022-02-06 18:45:00+00:00,0,0,0,False,internal-class,4104,Culemborg,True
2022-02-06 18:15:31,2022-02-06 18:45:00+00:00,50,0,50,True,senile-pulsar,2544,Den Haag,True
2022-02-06 18:15:31,2022-02-06 18:45:00+00:00,15,0,15,True,oblique-table,4824,Breda,True
2022-02-06 18:15:31,2022-02-06 19:00:00+00:00,1,1,0,False,oily-wire,3769,Soesterberg,True
2022-02-06 18:15:31,2022-02-06 19:00:00+00:00,15,5,10,True,oblique-table,4824,Breda,True
2022-02-06 18:15:31,2022-02-06 19:00:00+00:00,50,4,46,True,senile-pulsar,2544,Den Haag,True
2022-02-06 18:15:31,2022-02-06 19:00:00+00:00,0,0,0,False,weathered-bronze,3439,Nieuwegein,True
2022-02-06 18:15:31,2022-02-06 19:15:00+00:00,15,1,14,True,oblique-table,4824,Breda,True
2022-02-06 18:15:31,2022-02-06 19:15:00+00:00,0,0,0,False,weathered-bronze,3439,Nieuwegein,True
2022-02-06 18:15:31,2022-02-06 19:15:00+00:00,0,0,0,False,oily-wire,3769,Soesterberg,True
2022-02-06 18:15:31,2022-02-06 19:15:00+00:00,50,0,50,True,senile-pulsar,2544,Den Haag,True
2022-02-06 18:15:31,2022-02-06 19:30:00+00:00,0,0,0,False,weathered-bronze,3439,Nieuwegein,True
2022-02-06 18:15:31,2022-02-06 19:30:00+00:00,0,0,0,False,oily-wire,3769,Soesterberg,True
2022-02-06 18:15:31,2022-02-06 19:30:00+00:00,15,0,15,True,oblique-table,4824,Breda,True
2022-02-06 18:15:31,2022-02-06 19:30:00+00:00,50,0,50,True,senile-pulsar,2544,Den Haag,True
2022-02-06 18:15:31,2022-02-06 19:45:00+00:00,0,0,0,False,weathered-bronze,3439,Nieuwegein,True
2022-02-06 18:15:31,2022-02-06 19:45:00+00:00,0,0,0,False,oily-wire,3769,Soesterberg,True
2022-02-06 18:15:31,2022-02-06 19:45:00+00:00,50,1,49,True,senile-pulsar,2544,Den Haag,True
2022-02-06 18:15:31,2022-02-06 19:45:00+00:00,15,0,15,True,oblique-table,4824,Breda,True
2022-02-06 18:15:31,2022-02-06 20:00:00+00:00,15,0,15,True,oblique-table,4824,Breda,True
2022-02-06 18:15:31,2022-02-06 20:00:00+00:00,0,0,0,False,oily-wire,3769,Soesterberg,True
2022-02-06 18:15:31,2022-02-06 20:00:00+00:00,0,0,0,False,weathered-bronze,3439,Nieuwegein,True
2022-02-06 18:15:31,2022-02-06 20:15:00+00:00,15,0,15,True,oblique-table,4824,Breda,True
2022-02-06 18:15:31,2022-02-06 20:15:00+00:00,0,0,0,False,oily-wire,3769,Soesterberg,True
2022-02-06 18:15:31,2022-02-06 20:15:00+00:00,0,0,0,False,weathered-bronze,3439,Nieuwegein,True
2022-02-06 18:15:31,2022-02-06 20:30:00+00:00,15,0,15,True,oblique-table,4824,Breda,True
2022-02-06 18:15:31,2022-02-06 20:30:00+00:00,0,0,0,False,oily-wire,3769,Soesterberg,True
2022-02-06 18:15:31,2022-02-06 20:30:00+00:00,0,0,0,False,weathered-bronze,3439,Nieuwegein,True
2022-02-06 18:15:31,2022-02-06 20:45:00+00:00,0,0,0,False,oily-wire,3769,Soesterberg,True
2022-02-06 18:15:31,2022-02-06 20:45:00+00:00,0,0,0,False,weathered-bronze,3439,Nieuwegein,True
2022-02-06 18:15:31,2022-02-06 20:45:00+00:00,15,0,15,True,oblique-table,4824,Breda,True
2022-02-06 18:40:21,2022-02-06 18:45:00+00:00,15,0,15,True,oblique-table,4824,Breda,True
2022-02-06 18:40:21,2022-02-06 18:45:00+00:00,0,0,0,False,nimble-ottoman,7544,Enschede,True
2022-02-06 18:40:21,2022-02-06 18:45:00+00:00,2,2,0,False,quadratic-corgie,7418,Deventer,True
2022-02-06 18:40:21,2022-02-06 18:45:00+00:00,0,0,0,False,augmenting-step,1271,Huizen,True
2022-02-06 18:40:21,2022-02-06 18:45:00+00:00,0,0,0,False,brass-branch,7202,Zutphen,True
2022-02-06 18:40:21,2022-02-06 18:45:00+00:00,0,0,0,False,oily-wire,3769,Soesterberg,True
2022-02-06 18:40:21,2022-02-06 18:45:00+00:00,5,2,3,True,funny-map,1976,IJmuiden,True
2022-02-06 18:40:21,2022-02-06 18:45:00+00:00,0,0,0,False,weathered-bronze,3439,Nieuwegein,True
2022-02-06 18:40:21,2022-02-06 18:45:00+00:00,50,0,50,True,senile-pulsar,2544,Den Haag,True
2022-02-06 18:40:21,2022-02-06 18:45:00+00:00,25,4,21,True,investor-refresh,8013,Zwolle,True
2022-02-06 18:40:21,2022-02-06 18:45:00+00:00,0,0,0,False,internal-class,4104,Culemborg,True
2022-02-06 18:40:21,2022-02-06 19:00:00+00:00,50,2,48,True,senile-pulsar,2544,Den Haag,True
2022-02-06 18:40:21,2022-02-06 19:00:00+00:00,1,1,0,False,oily-wire,3769,Soesterberg,True
2022-02-06 18:40:21,2022-02-06 19:00:00+00:00,15,7,8,True,oblique-table,4824,Breda,True
2022-02-06 18:40:21,2022-02-06 19:00:00+00:00,0,0,0,False,weathered-bronze,3439,Nieuwegein,True
2022-02-06 18:40:21,2022-02-06 19:15:00+00:00,50,1,49,True,senile-pulsar,2544,Den Haag,True
2022-02-06 18:40:21,2022-02-06 19:15:00+00:00,0,0,0,False,weathered-bronze,3439,Nieuwegein,True
2022-02-06 18:40:21,2022-02-06 19:15:00+00:00,0,0,0,False,oily-wire,3769,Soesterberg,True
2022-02-06 18:40:21,2022-02-06 19:15:00+00:00,15,1,14,True,oblique-table,4824,Breda,True
2022-02-06 18:40:21,2022-02-06 19:30:00+00:00,0,0,0,False,weathered-bronze,3439,Nieuwegein,True
2022-02-06 18:40:21,2022-02-06 19:30:00+00:00,0,0,0,False,oily-wire,3769,Soesterberg,True
2022-02-06 18:40:21,2022-02-06 19:30:00+00:00,50,0,50,True,senile-pulsar,2544,Den Haag,True
2022-02-06 18:40:21,2022-02-06 19:30:00+00:00,15,0,15,True,oblique-table,4824,Breda,True
2022-02-06 18:40:21,2022-02-06 19:45:00+00:00,15,0,15,True,oblique-table,4824,Breda,True
2022-02-06 18:40:21,2022-02-06 19:45:00+00:00,0,0,0,False,oily-wire,3769,Soesterberg,True
2022-02-06 18:40:21,2022-02-06 19:45:00+00:00,50,1,49,True,senile-pulsar,2544,Den Haag,True
2022-02-06 18:40:21,2022-02-06 19:45:00+00:00,0,0,0,False,weathered-bronze,3439,Nieuwegein,True
2022-02-06 18:40:21,2022-02-06 20:00:00+00:00,0,0,0,False,oily-wire,3769,Soesterberg,True
2022-02-06 18:40:21,2022-02-06 20:00:00+00:00,15,0,15,True,oblique-table,4824,Breda,True
2022-02-06 18:40:21,2022-02-06 20:00:00+00:00,0,0,0,False,weathered-bronze,3439,Nieuwegein,True
2022-02-06 18:40:21,2022-02-06 20:15:00+00:00,0,0,0,False,oily-wire,3769,Soesterberg,True
2022-02-06 18:40:21,2022-02-06 20:15:00+00:00,0,0,0,False,weathered-bronze,3439,Nieuwegein,True
2022-02-06 18:40:21,2022-02-06 20:15:00+00:00,15,0,15,True,oblique-table,4824,Breda,True
2022-02-06 18:40:21,2022-02-06 20:30:00+00:00,0,0,0,False,weathered-bronze,3439,Nieuwegein,True
2022-02-06 18:40:21,2022-02-06 20:30:00+00:00,0,0,0,False,oily-wire,3769,Soesterberg,True
2022-02-06 18:40:21,2022-02-06 20:30:00+00:00,15,0,15,True,oblique-table,4824,Breda,True
2022-02-06 18:40:21,2022-02-06 20:45:00+00:00,0,0,0,False,oily-wire,3769,Soesterberg,True
2022-02-06 18:40:21,2022-02-06 20:45:00+00:00,0,0,0,False,weathered-bronze,3439,Nieuwegein,True
2022-02-06 18:40:21,2022-02-06 20:45:00+00:00,15,0,15,True,oblique-table,4824,Breda,True
